name,type,address,phone,email,latitude,longitude
22 ƏSR STOMATOLOJI MƏRKƏZ .,CLINIC,"Sumqayıt şəh., 51- ci məhəllə Ismət Qayibov küç.",0124092327 ; 018-658-01-50,,40.56420930387956,49.70990942362721
32 GÖZƏL MMC,CLINIC,"Bakı şəh., H.Hacıyev küç, 12",+99(412)-595-34-14,,40.3714988286407,49.833573237348915
AB DENTAL,CLINIC,"Bakı, Qaradağ r-nu, Lökbatan, S.Orucov pr. 25/9",+994(70) 2542542,,40.327357146076174,49.7239122453432
Ankara Klinik - Health and Beauty MMC,CLINIC,"Bakı şəh, Nizami rayonu, Məhsəti Gəncəvi, 155",(+99410) 236-10-60; (+99412) 570-23-23,ankaraklinika@gmail.com,,
APPRO HOSPITAL,CLINIC,"Bakı ş., Suraxanı rayonu, Yeni Suraxanı qəs., Mərkəzi küç.4T",+994 51 232 26 16,sigorta@approhospital.com,,
APPRO LAB BAKI,CLINIC,"Bakı ş., Nəsimi ray., Abbas Səhhət küç. 40",+994 51 232 26 16,sigorta@approhospital.com,,
APPRO LAB GƏNCƏ,CLINIC,"Gəncə şəhəri, Şah İsmayıl Xətai prospekti 50A",+99410 312 91 05,genceapprolab@gmail.com,,
AQS STOMATOLOGİYA,CLINIC,"Sumqayit, 13 mikrorayon",186563513 ; +994(55)4143275,,40.5675412362907,49.69532181613158
ASSMED TİBB MƏRKƏZİ,CLINIC,"Bakı şəh., Lökbatan qəs, Bünyatzadə küç, 3A",+99(412)-445-17-17 (101),,40.32046152112997,49.73244712613897
ATLAS TİBB MƏRKƏZİ MMC,CLINIC,"Bakı şəh., Xətai pr., 15",+99(412)-496-96-05,,40.38745482267379,49.856464003516436
ATU TERAPEVTİK MƏRKƏZİ,CLINIC,"Bakı şəh, Mərdanov qardaşları 100",+99(412)-449-91-23 (368),,40.396948936987265,49.83166631079769
ATU TƏDRİS CƏRRAHİYYƏ MƏRKƏZİ,CLINIC,"Bakı şəh, S.Vurğun küç 155",+99(412)-923,,40.39258691997448,49.8339357819615
AZEVROMED KLİNİKA MMC,CLINIC,"Bakı şəhəri, Suraxanı r-nu, Yeni Günəşli qəsəbəsi, 5 massivi, Samir Cəfərov küç., 2",,,40.386742247577814,49.980561586385214
BAKİ SAĞLAMLIĞ MƏRKƏZİ,CLINIC,"Bakı şəh., Azadlıq pr. 194",(012) 440 94 53,,40.398771202712815,49.839735395453786
Batıgöz Klinika,CLINIC,"Vaqif pr. 75A (Koroğlu parkının yaxınlığında), *4033",+994 12 310 40 33,,40.392756248181065,49.84309402614153
Butamed Medical MMC,CLINIC,"Salyan rayonu, Taleh Davudzadə küç., 123",0553670052,aransigorta052@mail.com,,
Central Clinic MMC,CLINIC,"Xırdalan şəh, Abşeron r-nu, 30-cu məhəllə, 14",+994 50 777 69 99,info@centralclinic.az,,
DENTAL ARTS STUDİO MMC,CLINIC,"Bakı şəhəri, Nərimanov r-nu, Məmməd Araz küç.111X",+99(412)-561-29-99 +99(412)-561-01-91,,40.40922604159987,49.8476929385526
DENTAL KLASSİK (MƏRKƏZİ KLİNİKA STOMATOLOGİYA),CLINIC,"Bakı şəh., Xəqani küç 46/2",+99(412)-492-42-02,,40.37695868648954,49.85551756568978
DENTAL MM,CLINIC,"Şirvan, Xəqani küç., 2",0212150030 ; +994(55)535-34-34,,39.96138218304194,48.94320997354351
DENTAL STUDIO,CLINIC,"Bakı şəh., Mehbalı Zeynalabdin küç 6",+994 12-598-28-87,,40.38052877864486,49.85622227582203
DENTAMED ESTETİK,CLINIC,"Bakı ş., 3 Koroğlu Rəhimov küçəsi",+99(450)-282-13-33,,40.396413192787385,49.859613860723705
DƏNİZ DİŞ,CLINIC,"Bakı şəh., Tolstoy küç, 137",+99(412)-596-59-04,,40.37262395331605,49.83448698354432
DƏNİZ OPTİKA,CLINIC,"N.Nərimanov r-nu, Ağa Neymatulla küç., 84C",+994 12 566 50 24; 70 366 50 24,,40.403202829753226,49.87067311940007
EN CLİNİK,CLINIC,Baki ş. Xaqani küç.76 C,+99(412)-598-92-22,,40.37575527952401,49.85256747543499
Eskulap Dental,CLINIC,"Bakı şəh, Nizami r-nu, Q.Qarayev p-ti, 34/67 mən 29",012 4226391,asim82@mail.ru,,
FALEZ OPTİK,CLINIC,"Bakı şəh, Nizami küç., 63 (Tarqoviy – Beynalxalq Bankın yanı)",+994 70 493 90 35,,40.37177579889124,49.83574531518072
FUNDA HOSPİTAL,CLINIC,"Bakı ş, N. Nərimanov ray.İ.Hidayətzadə 163",012-567-55-82 (400),,40.39437158611418,49.87225182648696
GOLD HOSPİTAL - OPTİKA,CLINIC,"Sumqayıt şəh., 10 mik Babək küçəsi 162",0555223020,goldhospital.0103@gmail.com,,
GRAND RİVER STOMATOLOJI KLİNİKA,CLINIC,"Mingəçevir ş, H. Əliyev p-ti, 20",024 2730009,,40.77368577767886,47.045733502824305
Great Smile Dental Clinic,CLINIC,"Bakı şəh, Xətai r-nu, General Şıxlinski 25",070 5817667,greatsmiledental@gmail.com,,
GƏNCƏ MÜALİCƏ DİAQNOSTİKA MƏRKƏZ,CLINIC,Balabağman totanlı 17,222640909,,40.65951295635301,46.33887827033096
GƏNCƏ ŞƏHƏRİ BEYNƏLXALQ XƏSTƏXANASİ,CLINIC,"H.Əliyev pr., 258 A (KƏPƏZ polis idarə qarşısında)",22 255 38 38 (162 167 615),,40.69539730549839,46.366294415344
HAPPY DENT,CLINIC,"Bakı, Nəsimi r-nu, S.Rüstəm küç.",+99(412)-441-34-22 +99(450)-396-20-00,,40.39052968365612,49.839678900593675
Happy Smile,CLINIC,"Bakı şəh., Vladislav Plotnikov küç, 29",070 5010054,info@happysmile.az,,
Harmony Health Hospital,CLINIC,"Bakı şəh, Nəsimi r-nu, Salatın Əsgərova, 174",055 248 47 88; 010 464 55 55,sigortaharmonyhealthhospital@outlook.com,,
HN Medical – Referans,CLINIC,"Quba şəh., Maksim Qorki küç, 68",773580033,a.talibova@referansclc.com,,
HTC CLINIVA Hospital,CLINIC,"Bakı Şəh., Q.Qarayev pr, 84 (Metro Neftçilər)",(012) 323 95 01,,40.40759071342095,49.94472537773006
İMPLANT DENTAL,CLINIC,"Sumqayıt şəh., 6-cı mkr-n, Ç.Məmmədqulu-zadə küç.",+994124082196,,,
INTERNATIONAL MEDICAL CENTRE BAKI MMC (BAKU MEDICAL PLAZA),CLINIC,"Bakı şəh., Babək pr-ti 92 N",+99(412)-909 (117),,40.394404517076175,49.964886527993514
İnternational Meducal Centre – Bakı (BMP VİP),CLINIC,"Bakı şəh, M.Rəfili və R.Beybutov küç, 389 saylı məhəllə",+994 55 2007059,aydan.cabbarova@bmp.az,,
İSTANBUL NS ESTETİK KLİNİKASI MMC,CLINIC,"Baki Ş., Nərimanov R-Nu, Atatürk Pr-Ti, 140",(012) 4658500; 5653516,,40.412956994234946,49.84713462648753
KARDİOMED,CLINIC,"Ağcabədi şəh., Həzi Aslanov, ev 94",070 7910400,,40.043911,47.461129
Kəpəz Hospital –ŞAMA MMC,CLINIC,"Bakı ş, Nəsimi r-nu, C.Məmmədquluzadə küç, 101 A",0124496757,,,
LABSTYLE,CLINIC,"Zaqatala şəhəri, Vidadi küç, 34",070 2252971; *6262,,41.628542,46.640371
LEYLA ŞIXLİNSKAYANIN KLİNİKASI “NORD STAR”,CLINIC,"Bakı şəh., Y.Səfərov küç. 19",+99(450)-55014-14,,40.38485768004694,49.86301212290089
LOR HOSPİTAL (LOR),CLINIC,"Bakı şəh, Əhməd Rəcəbli küç. 19k",+99(412)-564-53-33,,40.409803102663076,49.86331955497813
Mayomed Reabilitasiya Mərkəzi,CLINIC,"Bakı şəh, Əhməd Rəcəbli, 207",012 4648693; 012 464 8694,nurzade2097@gmail.com,,
MEDERA HOSPİTAL,CLINIC,"Bakı şəh., Ə.Naxçıvani küç 13C .8-ci mikrorayon",+99(412)-563-56-12,,40.41668780005658,49.841548026142334
MEDERA STOM,CLINIC,"Bakı, Ə.Naxçıvani küç 13C .8-ci mikrorayon",+99(412)-563-56-12,,40.41648267850851,49.84153898200695
MEDİ SFERA,CLINIC,"Ağcabədi şəh., H.Əliyev, ev 2, mənzil 16",070 3534499,medisfrea19@gmail.com,41.209589,48.995068
MEDİKUS CLİNİC -TAZA MMC,CLINIC,"Şirvan şəh. M.İbrahimov, 266",010 2123757; 0993123757,,,
MEDİSTOM MMC,CLINIC,"Bakı şəh, Nəsimi r-nu, 28 May küçəsi, 68 B",077 5372475,medistom.mmc@mail.ru,,
MEDSERVIS,CLINIC,"Bakı şəh., C. Məmmədquluzadə küç. 3",+99(450)-220-56-12,,40.37927413008345,49.83320891079702
MEL Klinika - VWonderful Life MMC,CLINIC,"Bakı, şəh, Nizami r-nu, Özbəkistan kuç, 9 D -Kristal - Abşeron yaşayış kompleksi, 7 ci bina, 1 ci mərtəbə",055-3007411,dr.eldeniz1975@gmail.com,,
MİLLİ İDMAN TİBBİ VƏ REABİLİTASİYA ELMİ-PRAKTİKİ İNSTİTUTU,CLINIC,"Bakı Ş, N. Nərimanov r-n, Olimpiya Küç., Ev 4 A",(012)4048310/11,,40.399125172268796,49.8554769264871
MİRVARİ,CLINIC,"Şirvan, T. İsmayilov 7 küçəsi",+994(55)378-80-01,,,
MN GRUP (TRİDENT),CLINIC,"Bakı, Təbriz küç. 94",+99(450)-453-83-45,,40.40273254215722,49.86667777478572
MÜASİR STOMATOLOGİYA,CLINIC,"Sumqayıt şəhəri, Nizami küç 23/14",(+994 186) 55-48-98; (+994 50) 277-11-70,,40.59453586158767,49.66948415347932
MƏRKƏZI GÖMRÜK HOSPITALI,CLINIC,"Bakı şəh., K.Kazimzadə küç 118, Az 1065",+99(412)-905,,40.37832512135816,49.81882765497704
MƏRKƏZİ KLİNİK XƏSTƏXANASI,CLINIC,"Bakı şəh., Parlament prospekti, 76",+99(412)-437-63-81,,40.36178951035281,49.82481884633884
MƏRKƏZİ NEFTÇİLƏR XƏSTƏXANASI,CLINIC,"Bakı şəh., Y.Səfərov küç, 17",+99(412)-404-28-40,,40.38118556997235,49.86382222614116
Mәlhәm Beynəlxalq Hospital,CLINIC,"Bakı, Nizami r-nu, Naxçıvanski küç. 433. AZ1118",+994 51 201 71 01,info@melhemhospital.com,40.40775269964229,49.95483817217407
N-KAY,CLINIC,"Xaçmaz, N. Nərimanov, 49",0233251854,,41.46130994365518,48.7981420685076
NEODENTAL,CLINIC,"Baki ş. Ziya Bünyatov pr-ti, H.Əmiroğlu 55 C",+99(412)-464-49-22,,40.41291164660258,49.83816253706592
ONLY DENT,CLINIC,"Bakı şəh., Mİrəli Seyidov 3138 məh., Korpus D",+99(412)-505-07-17 ; +99(412)-505-07-18,,40.395381101798804,49.88219735869121
PREMIUM DENTAL,CLINIC,"Bakı, Səttar Bəhlulzadə küçəsi",+99(412)-561-66-66,,40.414178369545354,49.83613387607792
REFERANS POLİKLİNİK MƏRDƏKAN FİLİALI,CLINIC,"Bakı şəh., Xəzər ray., Mərdəkan qəs., Yesenin küç. 58",+994124400033,,40.49026918498248,50.150783768472934
REFERANS POLİKLİNİK ƏHMƏDLİ,CLINIC,"Bakı şəh., Xətai ray., M.Hadi küç 229 D",+994 70 653 00 33,,40.38213188191841,49.95421759426171
REFERANS VIP FİLİALI,CLINIC,"Bakı şəh., Səbail ray.",Z.Əliyeva küç. 99-103; +994 77 461 00 33,,40.375056715832486,49.85538841264893
Referans Xırdalan Tibb Mərkəzi,CLINIC,"Xırdalan şəh., H.Əliyev pr.167, AAAF Park",70 316 00 33,ghacizade@referansclc.com,,
RESPUBLIKA DIAQNOSTIK MƏRKƏZ,CLINIC,"Bakı şəh., Tbilisi prospekti, 147",+99412 530 90 29,,40.399939947214826,49.81036481079778
Rezonans MMC,CLINIC,"Bakı şəh, Xətai r-nu, Əhmədli qəsəbəsi, Ramiz Quliyev küç, 4",050 500 26 56,rezonans.klinika2022@gmail.com,,
RM Medicare Klinika MMC - Mərcan,CLINIC,"Bakı şəhəri, Məmməd Cəfər Cəfərov, 12",994 12 310 85 85,,40.40666441963983,49.810937757640424
SAF Hospital,CLINIC,"Bakı şəh., S.Vurğun küç., 138",+99(412)-4410301,,40.39552212612923,49.833972268903196
SAĞLAM DIŞ (MEDIKAL LIFE),CLINIC,"Bakı ş., Hüseyn Cavid 20",+99(412)-510-90-17,,40.36753790336965,49.81732908165557
SAĞLAM DIŞ (MEDIKAL LIFE),CLINIC,"Bakı ş., Sakit Qocayev küç., 39 A (Razin filialı)",+99(412)-488-06-41,,40.417149974417406,49.96447635373171
SAĞLAM DIŞ (MEDIKAL LIFE),CLINIC,"Bakı ş., Əlif Hacıyev, 15(Qara Qarayev filialı)",+99(412)-520-31-51,,40.415964751619825,49.93265602211435
SAĞLAM DIŞ (MEDIKAL LIFE),CLINIC,"Bakı şəh., Yasamal ray., 1054 -cü məhəllə, Tbilisi prospekti 49 B(Tbilisi filialı)",012-525-00-50 ; 012-525-00-51,,40.3950532682495,49.816971873990525
SAĞLAMLİQ VƏ GÖZƏLLİK MƏRKƏZİ (VİTAL),CLINIC,"Bakı şəh, Dadaş Bünyadzadə 1",+99(412)-910,,40.38903622749934,49.79282183963339
SALYAN CLİNİC,CLINIC,"Salyan şəhəri, M.Dadaşov küç, 28",0554128309 ; 050 5681242,salyanclinic@mail.ru,39.593836,48.976159
ŞIRVAN ŞƏHƏR MƏRKƏZI XƏSTƏXANASI,CLINIC,"Şirvan, Şirvan, Heydər Əliyev, 16",+99(455)/(070)-769-34-38,,39.95218866811962,48.93685075496215
Smile Boutique MMC,CLINIC,"Bakı şəh., Məmməd Rahim, 4A",010 2524342,aliyeva_saida@yahoo.com,,
Solomed MMC,CLINIC,"Bakı şəh, Nərimanov r-nu, Əşrəf Əliyev küç, 19B",Whatsapp:+994 55 330-10-32; qaynar Xətt Nömrəsi: *1032,yusubov.farid@solomed.az,,
STARLAB,CLINIC,"Bakı şəh., 19A 20 Yanvar",(012) 431 13 14,,40.414040871784415,49.810568453271884
STOMADENT,CLINIC,"Gəncə şəhəri, Atatürk pr-ti, 254, mən 42",+99 (455) 7713281; +99 (455)7255707,,40.678341,46.356771
TUVA,CLINIC,"Masallı, Qızılavar kəndi",+994(50)324-83-81,,38.96886109983511,48.66984131918934
VEST Hospital MMC,CLINIC,"Bakı Şəh., Şövkət Məmmədova küç., 52",051 2448449,west_sigorta@westhospital.az,,
VM-DENT Stomatolojı Mərkəz MMC,CLINIC,"Şəki şəhəri, Vagif İbrahim, 10",050 2295535,vmdent99@gmail.com,,
WHİTE ESTETİC,CLINIC,"Bakı, 20 Afiyəddin Cəlilov küçəsi",+99(412)496-77-71 +99(412)496-77-72,,40.37898599511761,49.8719966300245
Xəzər Klinikası – “Sahib” MMC,CLINIC,"Bakı şəh., Q.Qarayev prospekti 69",+994 12 4220310; 4220310. (055) 720 00 31,,40.40812889042395,49.946076612650096
Zəfəran Hospital – Azərimed,CLINIC,"Bakı şəhəri, Asif Məmmədov, 30",0559099977,zulfiya.shahmuradova@zeferan.az,,
“A-Denta” Stomatolojı Klinika,CLINIC,"Zaqatala şəhəri, İmam Şamil küç, 13",+994 242253260,,41.632694,46.654681
“A-Denta” Stomatolojı Klinika Bakı,CLINIC,"Bakı şəhəri, Xətai r-nu, Fəzail Bayramov, 1156",+994 12 4896607,,40.38526638694531,49.86837626043626
“Apex Clinic” MMC,CLINIC,"Bakı ş., Yasamal r-nu, Həsən Məcidov keç., ev 12, məhəllə 589",+99412 525 48 47,,40.384106253138576,49.81140513216668
“AVRASIYA” HOSPITAL,CLINIC,"Bakı şəh., Həsən Əliyev, 15",+99(412)-449-64-20,,40.39836954511635,49.828386968469715
“BADAM MEDİCAL” MMC,CLINIC,"Bakı şəh, Səbail r-nu, Abbasqulu Abbaszadə küç., 13A",(012) 539 66 99,,40.35266165517742,49.81332293963214
“BİOLOJİ TƏBABƏT”,CLINIC,"Masallı şəhəri, E.Hüseynov küç.",+994(55)532-89-88,,39.03420552110638,48.658999770274455
“BİOLOJİ TƏBABƏT” TİBB MƏRKƏZİ,CLINIC,"Bakı, Nəsimi r-nu., 3 mkr, Cavad Xan küç. 30",+99(412)430-89-89(102),,40.40850604494676,49.81533131079815
“BİOLOJİ TƏBABƏT” TİBB MƏRKƏZİ,CLINIC,Göyçay şəh.,+994(55)259-70-90,,40.65286663126385,47.740178268478616
“CASPIAN İNTERNATIONAL HOSPITAL” MMC,CLINIC,"Bakı, Badamdar qəsəbəsi, 1-ci yaşayiş massivi 31",+99(412)-502-59-16,,40.343403856716584,49.81013315469451
“DİAQNOZ” TİBB MƏRKƏZİ,CLINIC,"Bakı, Əhmədli qəs., Sarayevo, 38 C",+99(412)-370-04-64,,40.386395516371856,49.96355212614127
“DNK” MMC,CLINIC,"Gəncə şəh., 20 Yanvar küç., 52",022 -256- 45- 43,,40.67325022282591,46.35516911265944
“DOBROMED” TİBB MƏRKƏZİ,CLINIC,"Bakı şəh., 4-cü mkr-on, H Seyidzadə küç. 31/32",+99(412)-430-43-03,,40.41172281791518,49.80376656829716
“DÜNYAGÖZ” TIBB MƏRKƏZİ,CLINIC,"Bakı şəh., Səbayil r., M. Hüseynov küç., 39",+994 12 404 44 69,,40.34944552605502,49.83585512799672
“EGE HOSPİTAL”,CLINIC,"Bakı şəh., H.Əliyev küçəsi, 38",+99412 599 11 17 (1158),,40.3992485719143,49.83544701079774
“EUROMED” TİBB MƏRKƏZİ,CLINIC,"Bakı şəh., Cavadxan küç., 17A",+99(412)-431-95-98,,40.41227592710815,49.81462895497823
“F-TƏBİB” TİBB MƏRKƏZİ,CLINIC,"Tovuz, Aşağı Öysüzlü, İ. Mürşüdov küç, 44",+994(50)351-55-89,,,
“FATİMA H” (SƏDƏF),CLINIC,"Qaradağ r-nu, Sahil qəsəbəsi, Dostluq küc., 3",+99450 203 03 64,,,
“Fortis-İ” MMC – Bonum Medical,CLINIC,"Şəki şəhəri, Zərifə Əliyeva küşəsi",+994 50 663 00 88,,,
“GERMAN” HOSPITAL (ASTORIYA),CLINIC,"Bakı şəh., Ismayilbəy Qutqaşenlı kuc. 51",+99(412)-538-66-60,,40.3696805909571,49.821028939632754
“HAYAT CLİNİC” TİBB MƏRKƏZİ,CLINIC,"Bakı şəh, Mətbuat pr. 35A",+99(412)-404-14-04,,40.3777551345061,49.808722268469
“HB GÜVƏN” MMC,CLINIC,"Bakı şəh., Atatürk prospekti 3078 məh.",+99(412)-436-48-41,,40.41666321040819,49.8445833447014
“İNAM” TİBB MƏRKƏZİ,CLINIC,"Bakı şəh., Niyazi küçəsi 7",+99(412)-466-98-77,,40.37575860270044,49.83893498375139
“İNTERNATIONAL 1” TİBB MƏRKƏZİ,CLINIC,"Bakı şəh., B.Səfəroğlu küç., 183",+99(412)-596-13-91,,40.37442389577263,49.83825561278445
“İNTERNATİONAL 2” TİBB MƏRKƏZİ,CLINIC,"Bakı şəh., Aşıq Molla Cümə küç., 11B",+99(412)-566-55-74,,40.403734419038116,49.86412378381387
“KAMED-TM” MMC,CLINIC,"Sumqayıt şəh., AZ5000, S.Bədəlbəyli küç, 64",(+994 55) 3740202;,,40.572211063304266,49.67653195498385
“LİMAN GROUP” MMC,CLINIC,"Sumqayıt şəh., Səməd Vurğun küç 35A",+99(412)-448-06-00,,40.58063964562373,49.689972839640106
“MEDEKS” (MEDİLAND) TIBB MƏRKƏZİ,CLINIC,Bakı şəh. Sabit Orucov küç. 57,+99(412) 488-74-15,,40.38078333445074,49.87278205907312
“MEDİKAN” TİBB MƏRKƏZİ,CLINIC,"Lənkəran, 20 Yanvar küç. 71",252550298,,38.75473134703769,48.83752028375698
“MEDİKA” HOSPİTAL,CLINIC,"Bakı şəh., N.Tusi küç. 21",+99(412)-379-87-07,,40.3693464623444,49.96259361264874
“MEDİSAN”,CLINIC,"Imişli, H.Əliyev pr, 131",+994(70)-246-10-70,,39.87077556664319,48.06197058332945
“MEDISTYLE” HOSPITAL,CLINIC,"Bakı şəh., Akademik Həsən Əliyev küç 116",+99(451)-979-00-01,,40.40712695323116,49.86325898381405
“MİLANA” HOSPİTAL,CLINIC,"Bakı şəh., Nərimanov rayon, Əhməd Rəcəbli 1\21",+99(412)- 409 90 91,,40.41073410017669,49.86232739915803
“MODERN” HOSPITAL,CLINIC,"Bakı şəh., Babək prospekti, 79",+99(412)-570-20-20(200),,40.395661198491695,49.948065051273616
“MÜASİR DİAQNOSTİKA” KLİNİKASI,CLINIC,"Bakı şəh., Rəşid Behbudov küç 56",+99(412)-910,,40.38286218451713,49.8431940684691
“N.TUSİ” ADINA KLİNİKA MMC,CLINIC,"Bakı şəh., Ş.Zərdabi küç. 53",+99(412)-432-24-16,,40.39800870484129,49.805303095453695
“NATİONAL PRİMEHOSPİTAL” MMC,CLINIC,"Bakı şəh., A.Rəcəbli küç.3, 30",(+99412) 4648787,,40.410794153097314,49.85976344148611
“NƏBZ” TİBB MƏRKƏZİ,CLINIC,"Bakı şəh., Q.Qarayev pr., 31",+99(412)-421-38-55,,40.417842571555724,49.935479026142474
“OKİ” KLİNİKASI,CLINIC,"Qusar şəh., F.Musaev küç. 27",023-38-529-15,,41.425997438248494,48.43074307988621
“OKSIGEN” TIBB MƏRKƏZI MMC,CLINIC,"Bakı şəh., Nərimanov r-nu, 1959-cu məhəllə",+99(412)-906 (311),,40.403725245164075,49.870020304127266
“ÖMÜRDƏN PAY” TİBB MƏRKƏZİ,CLINIC,"Bərdə, Nərimanov küç 2",(02020) 53100,,40.634480199566795,46.9893859198605
“REAL” TIBB MƏRKƏZI,CLINIC,"Bakı şəh., Zahid Xəlilov, 99",+99(412)-537-23-23(305),,40.380780760318146,49.811101492177116
“REAL” TİBB MƏRKƏZİ,CLINIC,"Sumqayıt şəh.., 45- ci məhəllə, 14 saylı bina",+99(412)-447-04-26,,40.580498189259444,49.68096162985623
“REFERANS” MMC,CLINIC,"Bakı şəh., M.Mirqasımov 25A",+994124400033,,40.39565743704328,49.837423035219636
“REFERANS” MMC,CLINIC,"Bakı şəh., Nəsimi ray., M.Məmmədzadə 8A",+994124400033,,40.40046657942085,49.87251569444521
“SAĞLAM AİLƏ” ÖZƏL TİBB MƏRKƏZİ,CLINIC,"Bakı şəh., Əhməd Rəcəbli, küç. 3",+99(412)-510-91-34,,40.4096446723574,49.86200713963411
“SAĞLAM HƏYAT” TİBB MƏRKƏZİ,CLINIC,"Qəbələ, Elçin Kərimov küç 3.",024 205-03-52,,40.97676257988521,47.85339826849019
“Seba Fito Tibb” MMC ( Koreya Şərq Təbabəti Klinikası),CLINIC,"Səbail rayonu, Neftçilər pr, 65",(+994 12) 437-18-10 /437 -18 -25,,40.3603028368815,49.833466797304425
“STİMUL” HOSPİTAL,CLINIC,"Bakı şəh, Yavər Əliyeva, 26 C",+99(412)-565-38-08,,40.43394547081413,49.956367512650985
“SUMQAYIT HOSPİTAL” MMC,CLINIC,"Sumqayıt şəh., 11-ci MKR, Çerkassi küç., 181",(+99418) 6568255,,40.563209936961165,49.68463023963954
“SWISSDENT” MMC STOMATOLOJİ KLİNİKA,CLINIC,"Bakı şəhəri, Yasamal r-nu, Abbas Mirzə Şərifzadə, 34",+994124323200,,40.37463614791304,49.80516723865141
“ŞƏFALI ƏLLƏR” TİBB MƏRKƏZİ,CLINIC,"İmişli şəh., Ağamalıoğlu küç. 31",+994(50) 3348474,,39.862643359251805,48.06739054624311
“ŞƏFA” ÖZƏL TİBB MƏRKƏZİ,CLINIC,"Naxçıvan şəh., İdris Məmmədov küç., 1",(036) 5456432,,39.2167447357,45.4073104934
“ŞƏFA” TİBB MƏRKƏZİ,CLINIC,"Mingəçevir, Xan Şuşinski küç 2A",(024)2753558,,40.75953974916291,47.05464414018688
“SƏHHƏT” AZƏRBAYCAN - ALMANİYA KLİNİKASI,CLINIC,"Bakı şəh., Q.Qaraev küç. 103",+99(412)-370-60-42,,40.39613541371527,49.95398405497759
“TOFİQOĞLU” TİBB MƏRKƏZİ,CLINIC,"Хачмаз, ул. Н.Нариманова 23",023-32-555-93,,41.46136674470209,48.798970210835535
“TÜRK- AMERIKAN” TIBB MƏRKƏZI,CLINIC,"Bakı şəh., Yusif Vəzir Çəmənzəmənli, 18",99(412)-541-58-45,,40.40216376342278,49.834431941485896
“UNİKAL-A” MMC,CLINIC,"Bakı şəh., B.Ağayev küç. 115",+99(412)-510-91-34,,,
“UNİKAL” KLİNİKA,CLINIC,"Sumqayıt şəh., Bakı küç. 37, 44-cü məhəllə",+994(50)285-21-76/86,,40.576221014376884,49.67922101450798
“VİTA MED” MMC,CLINIC,"Biləsuvar r-nu, Mübariz İbrahimov küç, 224B",+994(51)795-00-08,,39.45608663646513,48.54370032528409
“XÜSUSI MÜALICƏ SAĞLAMLIQ KOMPLEKSI” MMC,CLINIC,"Bakı şəh., Badamdar şossesi, 31",+99(412)-493-22-86,,40.353190829885875,49.80931652614015
“YASAMAL HOSPİTAL” MMC,CLINIC,"Bakı ş., Yasamal ray., M. Xiyabani küç., ev 15",(+99412)5650103 ; (+99477)5140111,,,
“YAŞAM” TİBB MƏRKƏZİ,CLINIC,"Baki şəh., F.Хoyski 112",+99(412)-480-08-91,,40.40213180207094,49.860898754977825
”LABMED”,CLINIC,"Qazax r-nu, H.Əliyev pr-ti - 134",0222950552,,41.09355666386067,45.36878736849455
"""Gilas Optic"" 20-ci Sahə",MEDICAL_SERVICE,Səbail r-nu,20-ci sahə dairəsi 39-40 (Bravo-nun yanı); +994 77 489 00 34,,40.330050404799024,49.81835446043662
"""Gilas Optic"" 5 Mərtəbə",MEDICAL_SERVICE,"Yasamal r-nu, Ş. Qurbanov küç., 2 (XİN-in yaxınlığı)",+994 77 489 23 03,,40.3768559305307,49.83258774124706
"""Gilas Optic"" 8 km",MEDICAL_SERVICE,"Nizami r-nu., Cəmşid Naxçıvanski ev.81",+994 77 489 23 05,,40.408363376009675,49.95452200413409
"""Gilas Optic"" Ayna Sultanova",MEDICAL_SERVICE,"Binəqədi r-nu, Atatürk pr. Ev 56 (Ayna Sultanova heykəli)",+994 77 489 99 02,,40.41361393168641,49.8466759944084
"""Gilas Optic"" Badam",MEDICAL_SERVICE,"Səbail r-nu., Abbasqulu Abbaszadə küç.5A (Badam Medical Center ilə üzbəüz)",+994 77 489 09 32,,40.35235539969024,49.81324555250557
"""Gilas Optic"" Bayıl",MEDICAL_SERVICE,"Səbail r-nu, Neftçi Qurban Abbasov ev 24A",+994 77 489 09 01,,40.35005822601335,49.83456557334594
"""Gilas Optic"" Elmlər",MEDICAL_SERVICE,"Yasamal r-nu., K.Kazımzadə 123 məh., 563(Gömrük Hospitalı ilə üzbəüz)",+994 77 489 09 05,,40.37816899387048,49.81846795320228
"""Gilas Optic"" Gənclik",MEDICAL_SERVICE,"Nərimanov r-nu, Fətəlixan Xoyski pr. Ev 106",+994 77489 99 04,,40.40215573657433,49.85995349649492
"""Gilas Optic"" Hövsan",MEDICAL_SERVICE,"Hövsan qəs., İlqar Əhlimanov küç., (H.Əliyev parkının yanı)",+994 77 489 09 31,,40.35714918370714,50.0736835569661
"""Gilas Optic"" Həsən Əliyev",MEDICAL_SERVICE,"Nəsimi r-nu., Həsən Əliyev 9 (Avrasiya Hospitalının yanı)",+994 77 489 23 01,,40.39804967540636,49.82883335312575
"""Gilas Optic"" Rəşid Behbudov",MEDICAL_SERVICE,Nəsimi r-nu,28 May ev 14 (8 №-li məktəblə üzbə-üz); +994 77 489 00 29,,40.37511379090331,49.84603676845729
"""Gilas Optic"" Xalqlar Dostluğu filialı",MEDICAL_SERVICE,"Nizami r-nu, Bəhruz Nuriyev 49, Laçın T.M. Yanı",+994 77 489 09 30,,40.40102164485169,49.95236814148588
"""Gilas Optic"" Xəzər",MEDICAL_SERVICE,"Xətai r-nu, Sadıqcan küç.15, Xətai Rayon Polis şöbəsinin yanı",+994 77 489 99 03,,40.36062779633448,49.9544073479364
Alazan Farm MMC Beşmərtəbə filialı,MEDICAL_SERVICE,Bakı ş.Yasamal rayonu Şıxəli Qurbanov 2/15,(012) 595 74 42 ; (012) 497 74 42 ; +994 55 515 27 29 (whatsapp),,40.458172807121144,49.75202019316954
Alazan Farm MMC Neftçilər filialı,MEDICAL_SERVICE,"Bakı ş. Nizami rayonu Qara Qarayev pr, ev 74 H",(012) 520 40 30 ; +994 55 505 48 67,,40.40937135827878,49.943597583814125
Aptek Amelia- ZEYTUN №421,MEDICAL_SERVICE,"20 yanvar, Tbilisi prospekti 3007-ci məhəllə (Bravo Hypermarketin yanı)",+994 55 667 96 98,amelia_zeytun@mail.ru,40.40103747831783,49.81054821359584
APTEK ONLİNE - DARÇIN,MEDICAL_SERVICE,,099 207 88 17; 099 207 88 17,,,
APTEK ONLİNE - DOKTA KASPİAN,MEDICAL_SERVICE,"Bakı şəh., Səbail r-nu., Bülbül küç., 10(64)",+99412 498 -04-07 ; +99451 333-04-07; +994(70)877 79 99,,,
APTEK PRIMORSK (ZƏFƏRAN),MEDICAL_SERVICE,Z.Qasımov küç,+99(412) 446-64-33,,40.224890363804455,49.576974206497844
APTEK PRIMORSK (ZƏFƏRAN),MEDICAL_SERVICE,"Sahil qəs, Məhərrəm Seyidov küç., ev 24",+99(412) 446 97 99,,40.229461916782135,49.581879767575316
CASPIAN İNTERNATIONAL APTEK MMC,MEDICAL_SERVICE,"Bakı, Badamdar qəs., 1-ci yaşayiş massivi 31",+99(412) 502 50 18 (1160),,40.34325976973797,49.810142616544134
DARÇIN APTEK,MEDICAL_SERVICE,H.Salmani 1,(012) 480-46-44,,,
DARÇIN APTEK,MEDICAL_SERVICE,N.Yusifbeyli 90 A,(012) 441-37-91: 099 207 88 17,,40.398084647277365,49.839268390699914
DARÇIN APTEK,MEDICAL_SERVICE,Nərimanov rayonu F.X.Xoyski pr. ev 130 m. 3,(012) 564-28-25,,40.404512956466974,49.86661967510834
DARÇIN APTEK,MEDICAL_SERVICE,M.Müşfiq küç. ev 10 m. 44,(012) 537-05-58,,40.36526461867309,49.819853225113924
DARÇIN APTEK,MEDICAL_SERVICE,N.Hikmət küç. ev 24,(012) 434-25-59,,40.37935765045385,49.80475925850869
DARÇIN APTEK,MEDICAL_SERVICE,R.Behbudov küç. 64,(012) 441-18-87,,40.38435394995957,49.84205132039602
DARÇIN APTEK,MEDICAL_SERVICE,"M.Qaşqay küç. Ev 63a, m 1",(012) 440-14-31,,40.392590821949774,49.84305363724777
DARÇIN APTEK,MEDICAL_SERVICE,"Binəqədi rayonu, C.Ramazonov, ev 2b",(012) 411-51-91,,40.431918261209574,49.852468261416696
DARÇIN APTEK,MEDICAL_SERVICE,Xırdalan şəh. H.Əliyev pr. ev c,(051)207-88-16,,40.462128411892291,49.72636121769621
DARÇIN APTEK,MEDICAL_SERVICE,Şərifzadə 273A-273E,(012) 433-86-24,,40.38866973613023,49.80262737427968
DOKTA KASPİAN,MEDICAL_SERVICE,"Bakı şəh., Səbail r-nu., Bülbül küç., 10(64)",+99 (412) 498 -04-07 +99 (451) 333-04-07,,40.37186509441912,49.844954664908535
DOKTA- BİLƏSUVAR № 647,MEDICAL_SERVICE,"Biləsuvar rayonu, H.Əliyev küçəsi",070 354 10 14; 070 529 22 34,,,
DOKTA-CƏLİLABAD № 690,MEDICAL_SERVICE,"Cəlilabad şəh., Heydər Əliyev Pr. Ev.184",055-305-66-00,,,
DOKTA-GƏNCƏ № 728,MEDICAL_SERVICE,"Gəncə şəh., Totanli Ev.10a",022-253-57-97,,,
DOKTA-İMİŞLİ № 661,MEDICAL_SERVICE,"İmişli şəh., Q.İsmayilzadə",055 284 78 77,,,
DOKTA-LƏNKƏRAN № 644,MEDICAL_SERVICE,"Lənkəran şəh., Səmədzadə Küçəsi",025-255-02-57,,,
DOKTA-MINGƏÇEVIR № 800,MEDICAL_SERVICE,"Mingəçevir şəh., Heydər Əliyev Prospekti 21a",024 27 4 89 50,,,
DOKTA-ŞIRVAN № 591,MEDICAL_SERVICE,"Şirvan şəh., 20 Yanvar Ev.26a",055 801 80 99,,,
DƏDƏMİN,MEDICAL_SERVICE,"Gəncə şəh., M.A. Abbaszadə 68",,,40.67348551078971,46.3560916819714
FOKUS OPTİKA MMC,MEDICAL_SERVICE,"Bakı şəh., Binəqədi ray., Cavadxan küç., 3245-ci məh.",(+994 77) 255 57 65,,40.41972122071619,49.81818020101256
FOKUS OPTİKA MMC,MEDICAL_SERVICE,"Bakı şəh., Səbail ray., Bülbül Pr.10",(+994 77) 408 02 28,,,
FOKUS OPTİKA MMC,MEDICAL_SERVICE,"Bakı şəh., Badamdar qəs., A.Abbaszadə küç. 13 A, “Badam Medical Center”daxilində",(+994 77) 255 57 46,,40.35249869563623,49.813346938677924
FOKUS OPTİKA MMC,MEDICAL_SERVICE,"Bakı şəhəri, Q.Nəbi küçəsi, 3 A",(+99412) 376-18-56,,40.39223081957044,49.95834356215712
Optic Gallery,MEDICAL_SERVICE,"Bakı şəh., Füzuli, 300",(+994) 51 291 36 44; (+994) 12 310 11 23,elnara@optrim.az,,
VITA NƏRIMANOV (VITA METROPARK),MEDICAL_SERVICE,"Baki şəh., Təbriz, 99",+99(412) 566 19 49 +99(455) 250 86 40,,,
VİTA-YASAMAL №8,MEDICAL_SERVICE,"Bakı şəh., Yasamal rayonu, Ə.Ələkbərov 97",+99(412) 533 04 76,,,
VİTA-ƏHMƏDLİ,MEDICAL_SERVICE,"Bakı şəh., Xətai ray., M.Rüstəmov 22",+99(412) 570 78 42; +99(455) 252 22 70,,40.384277783435195,49.961778315349584
ZEYTUN APTEK,MEDICAL_SERVICE,"Bakı şəhəri, M.Füzuli və R.Rza küçələrinin kəsişməsi, blok 3, 1-ci mərtəbə",012 594 25 05,,,
ZEYTUN APTEK № 313,MEDICAL_SERVICE,"Qaradağ rayonu, Sahil qəsəbəsi, Emin Quliyev küç. 50",(012) 4092313,,,
ZEYTUN APTEK №75 (VİTRUM APTEK),MEDICAL_SERVICE,"Bakı, Nizami r-nu, Qara Qarayev pr-ti, 33",012 421 40 85,,40.41797406045671,49.93763476059923
Zeytun Pharmaceuticals Aptek – 403- Sarğı,MEDICAL_SERVICE,"Bakı şəh, Ak.F.Qasımov, 9 (Mustfa Topçubaşov, 24 A)",0123105588; 099 3155588,gulnar.serxanli.87@mail.ru,,
ZƏFƏRAN – AĞDAM,MEDICAL_SERVICE,"Ağdam şəh., Quzanlı ərazisində",(+99426) 325 06 59,,40.156861277059164,47.162467983805165
ZƏFƏRAN – GÖYÇAY,MEDICAL_SERVICE,"Goycay şəh., H. Əliyev prospekti",02027-4-65-03,,40.64914473771505,47.74797609233259
ZƏFƏRAN – SUMQAYIT,MEDICAL_SERVICE,"Sumqayıt şəh., H.Əliyev pr., məh. 40",(+99418) 644 09 29,,40.583842937723446,49.67317570228989
ZƏFƏRAN- BƏRDƏ,MEDICAL_SERVICE,"Bərdə şəh., Ü.Hacıbəyov küç 3",020-205-03-20,,40.37265516417369,47.12630389059873
ZƏFƏRAN- GƏNCƏ,MEDICAL_SERVICE,"Gəncə, Ə.Məmmədov, 3 N-li TTTY xidmətinin yanı",022-256-42-77,,,
ZƏFƏRAN- LƏNKƏRAN,MEDICAL_SERVICE,"Lənkəran, Nizami küç, Mərkəzi Poliklinikanı yanı",025-254-49-94,,38.75912576824724,48.83864335336995
ZƏFƏRAN- MINGƏÇEVIR,MEDICAL_SERVICE,"Mingəcevir, H.Əliyev prospekti",024-275-62-28,,40.764559824536,47.062064889205935
ZƏFƏRAN- QAZAX,MEDICAL_SERVICE,"Qazax, Heydər Əliyev küç. 71",022-29-5-13-13,,,
ZƏFƏRAN- QAZAX,MEDICAL_SERVICE,"Qazax, Heydər Əliyev küç., ev 114 A",022-29-5-56-31,,41.09272784124674,45.36610531165751
ZƏFƏRAN- QUBA,MEDICAL_SERVICE,"Quba şəh., H.Əliyev prospekti",023-335-35-89,,,
ZƏFƏRAN- QUSAR,MEDICAL_SERVICE,"Qusar şəh., Səfixanov küç, Bazarın yaxınlığında",023-385-57-64,,,
ZƏFƏRAN- ŞIRVAN,MEDICAL_SERVICE,"Şirvan, F.Eynullayev küç.",021-215-34-68,,,
ZƏFƏRAN- ŞƏKI,MEDICAL_SERVICE,"Şəki, M.Rəsulzadə pr-ti",024-244-39-56,,41.19732659103224,47.17529565315409
ZƏFƏRAN- ŞƏMKIR,MEDICAL_SERVICE,"Şəmkir şəh., 20 yanvar küç.",022-305-63-68,,40.82607276717747,46.02960874574291
ZƏFƏRAN- XAÇMAZ,MEDICAL_SERVICE,"Xaçmaz, N. Nərimanov küç.",023-325-07-65,,,
ZƏFƏRAN- XAÇMAZ,MEDICAL_SERVICE,"Xaçmaz, Nərimanov küç, Mərkəzi xəstəxana ilə üzbəüz",023-325-01-22,,41.46162149961292,48.79858510934141
ZƏFƏRAN- XMSK,MEDICAL_SERVICE,"Bakı şəh., Badamdar şossesi, 31",+99(412) 502 41 53,,40.35300152636144,49.80920752642207
«ZƏFƏRAN- GƏNCƏ»,MEDICAL_SERVICE,"Gəncə şəh., 4-cü mkr, N.M. Xələfov küç.",022-2-65-12-42,,40.69638892597039,46.382610168566515
